gesto,x0,y0,z0,x1,y1,z1,x2,y2,z2,x3,y3,z3,x4,y4,z4,x5,y5,z5,x6,y6,z6,x7,y7,z7,x8,y8,z8,x9,y9,z9,x10,y10,z10,x11,y11,z11,x12,y12,z12,x13,y13,z13,x14,y14,z14,x15,y15,z15,x16,y16,z16,x17,y17,z17,x18,y18,z18,x19,y19,z19,x20,y20,z20
cinco,0.491200,0.726161,0.000000,0.415866,0.643392,-0.022364,0.370581,0.563153,-0.035866,0.351092,0.491530,-0.049430,0.322098,0.428500,-0.062872,0.449522,0.448841,-0.006805,0.443287,0.364025,-0.018308,0.448711,0.322906,-0.028599,0.455708,0.283827,-0.035662,0.510942,0.455299,-0.006986,0.505306,0.360023,-0.016660,0.509496,0.318870,-0.029368,0.514002,0.278039,-0.038751,0.566240,0.480142,-0.011137,0.566646,0.396155,-0.021050,0.565948,0.359742,-0.033768,0.563815,0.320482,-0.042451,0.618358,0.525428,-0.018309,0.628401,0.457641,-0.025217,0.626181,0.427616,-0.032282,0.620920,0.397490,-0.037798
cinco,0.414830,0.841380,0.000000,0.545589,0.773222,-0.009250,0.623711,0.680079,-0.017750,0.657963,0.592684,-0.025711,0.700359,0.526035,-0.033585,0.529193,0.558788,-0.020049,0.534068,0.439977,-0.027122,0.526221,0.375685,-0.028890,0.513206,0.325265,-0.030435,0.438303,0.559119,-0.022579,0.427100,0.425236,-0.030401,0.418659,0.352955,-0.032573,0.408685,0.295232,-0.034576,0.356687,0.584082,-0.024997,0.336978,0.466087,-0.033214,0.328173,0.402524,-0.035226,0.321191,0.348234,-0.036148,0.282126,0.626493,-0.028254,0.240913,0.544816,-0.033606,0.222053,0.497012,-0.034442,0.210216,0.452445,-0.034945
cinco,0.394259,0.272845,0.000000,0.490813,0.268502,-0.020307,0.590371,0.317919,-0.056403,0.656309,0.385851,-0.090362,0.697004,0.443911,-0.125500,0.538351,0.388757,-0.118137,0.584119,0.502960,-0.167690,0.582062,0.580338,-0.191200,0.574537,0.644222,-0.204306,0.451061,0.419338,-0.128627,0.500555,0.544994,-0.182165,0.504134,0.626267,-0.193407,0.507896,0.681374,-0.203585,0.375952,0.427614,-0.133270,0.421659,0.542578,-0.170967,0.438003,0.612385,-0.166145,0.457684,0.660632,-0.165439,0.313340,0.429055,-0.138631,0.337307,0.517041,-0.162550,0.354035,0.566793,-0.160657,0.381257,0.604598,-0.161217
cinco,0.484967,0.302492,-0.000000,0.396894,0.331948,-0.019111,0.322693,0.391511,-0.045723,0.285610,0.427214,-0.070250,0.238182,0.465613,-0.096337,0.380593,0.417016,-0.095490,0.415825,0.565255,-0.137324,0.456262,0.645899,-0.156377,0.487905,0.720174,-0.165196,0.476717,0.408876,-0.102336,0.517290,0.551581,-0.149880,0.550028,0.646524,-0.158175,0.575923,0.726861,-0.164190,0.563552,0.382423,-0.104693,0.606731,0.511488,-0.137422,0.624271,0.603528,-0.129627,0.635615,0.674571,-0.125229,0.646891,0.356844,-0.108952,0.685165,0.441183,-0.127209,0.692627,0.506544,-0.123616,0.693037,0.559940,-0.121530
cinco,0.459960,0.678481,0.000000,0.560586,0.587278,-0.005766,0.613930,0.501963,-0.007639,0.624417,0.422247,-0.012746,0.641115,0.360513,-0.017650,0.524839,0.388773,0.022272,0.507861,0.293144,0.022049,0.487668,0.242635,0.019270,0.469407,0.198243,0.016632,0.452659,0.390029,0.016465,0.429351,0.284094,0.017602,0.414064,0.228578,0.011700,0.406516,0.184636,0.006991,0.389813,0.410130,0.007014,0.365375,0.313752,0.004626,0.353209,0.266436,-0.001833,0.354038,0.227453,-0.006139,0.329034,0.445928,-0.004546,0.302368,0.371981,-0.007140,0.294144,0.334073,-0.010493,0.298091,0.302578,-0.012715
cinco,0.447473,0.715796,0.000000,0.298874,0.627875,0.002291,0.236953,0.526480,0.003064,0.213709,0.437151,0.004466,0.174604,0.378634,0.006282,0.331457,0.427128,-0.008604,0.342103,0.307363,-0.008809,0.356857,0.243816,-0.005550,0.373960,0.193897,-0.003179,0.418698,0.430790,-0.010068,0.428632,0.296804,-0.011225,0.443737,0.223132,-0.007284,0.462403,0.167576,-0.004495,0.495106,0.452390,-0.009824,0.501115,0.330564,-0.009602,0.507096,0.265166,-0.004956,0.514058,0.212202,-0.001310,0.558645,0.488291,-0.009761,0.570847,0.404050,-0.006919,0.577405,0.356807,-0.002631,0.583617,0.317623,0.000765
cinco,0.716390,0.530661,0.000000,0.686166,0.429905,-0.022540,0.628191,0.383691,-0.052552,0.550583,0.343474,-0.080515,0.496320,0.314899,-0.110142,0.621457,0.420179,-0.078237,0.461969,0.413733,-0.123848,0.347568,0.398517,-0.156059,0.244321,0.377529,-0.175871,0.610578,0.461795,-0.084579,0.424422,0.455319,-0.132239,0.295942,0.440133,-0.160176,0.185318,0.413769,-0.181248,0.600080,0.487482,-0.089100,0.408328,0.471765,-0.126327,0.289304,0.460877,-0.138822,0.193537,0.443243,-0.148905,0.584664,0.510852,-0.094801,0.436870,0.482463,-0.119515,0.342259,0.475654,-0.126993,0.262829,0.471772,-0.135060
cinco,0.797834,0.686912,0.000000,0.707543,0.570180,-0.000571,0.646562,0.489373,-0.023289,0.594907,0.424782,-0.048436,0.568316,0.364752,-0.075730,0.689207,0.481331,-0.058194,0.490665,0.469424,-0.096594,0.362888,0.470337,-0.121358,0.257569,0.472768,-0.136338,0.709192,0.534567,-0.076969,0.487769,0.528719,-0.116333,0.341448,0.528888,-0.134250,0.221570,0.521864,-0.148740,0.715246,0.591501,-0.092743,0.498993,0.583346,-0.120979,0.361550,0.575159,-0.124282,0.254301,0.566132,-0.129474,0.706536,0.657187,-0.108344,0.545565,0.643918,-0.128446,0.449469,0.632606,-0.129862,0.375655,0.624521,-0.133415
cinco,0.614734,0.558218,0.000000,0.675545,0.564653,-0.029087,0.696701,0.596103,-0.060995,0.670098,0.620436,-0.089545,0.603433,0.643592,-0.119331,0.605019,0.528170,-0.079065,0.517527,0.512506,-0.110975,0.449658,0.491541,-0.133563,0.381508,0.476094,-0.148530,0.565541,0.514520,-0.080607,0.452268,0.526834,-0.107574,0.370153,0.518259,-0.122753,0.294659,0.506011,-0.138211,0.534981,0.499253,-0.080520,0.414467,0.512820,-0.098763,0.336806,0.511511,-0.106710,0.272704,0.510974,-0.117477,0.507067,0.492374,-0.082771,0.416873,0.484793,-0.095468,0.359952,0.489242,-0.100479,0.311488,0.506075,-0.108108
cinco,0.711391,0.565997,0.000000,0.723186,0.517240,-0.035209,0.720639,0.486900,-0.073695,0.685363,0.466490,-0.108147,0.656001,0.460440,-0.143856,0.654115,0.436132,-0.091743,0.510655,0.436192,-0.137151,0.404844,0.433309,-0.168553,0.309611,0.427830,-0.187888,0.616075,0.454031,-0.092453,0.462412,0.477724,-0.135723,0.354349,0.476154,-0.160288,0.260120,0.460985,-0.180078,0.590832,0.472575,-0.092372,0.438641,0.480986,-0.123882,0.334803,0.474833,-0.135184,0.249796,0.467014,-0.146040,0.562235,0.496203,-0.095063,0.443397,0.480569,-0.115804,0.361652,0.470644,-0.123356,0.291252,0.467264,-0.132038
cinco,0.552433,0.644606,0.000000,0.629543,0.601529,-0.006837,0.649222,0.567127,-0.017459,0.631169,0.538896,-0.028572,0.594883,0.527040,-0.042245,0.569310,0.477562,-0.019687,0.446054,0.452773,-0.030861,0.346207,0.439293,-0.043476,0.252956,0.431130,-0.052560,0.513689,0.469120,-0.023850,0.379346,0.451977,-0.032130,0.276878,0.447964,-0.045498,0.184352,0.443976,-0.058597,0.465280,0.469590,-0.026719,0.332615,0.452742,-0.028283,0.236777,0.449165,-0.038543,0.153927,0.450663,-0.051047,0.417259,0.484092,-0.030663,0.313772,0.461904,-0.031227,0.240666,0.454437,-0.036417,0.178265,0.456975,-0.044084
cinco,0.680297,0.566034,0.000000,0.684882,0.473189,-0.015917,0.651762,0.405660,-0.038653,0.614318,0.337669,-0.060889,0.596286,0.282294,-0.083465,0.524447,0.443530,-0.051053,0.379316,0.429835,-0.083549,0.288674,0.414514,-0.105486,0.208478,0.404149,-0.118662,0.513710,0.464430,-0.057478,0.351416,0.474040,-0.092999,0.260180,0.457140,-0.114020,0.183311,0.433077,-0.129280,0.521217,0.470157,-0.062948,0.355706,0.465032,-0.091104,0.261297,0.460117,-0.100556,0.193208,0.447263,-0.107519,0.535075,0.467864,-0.069686,0.442224,0.420821,-0.088469,0.370607,0.376651,-0.095965,0.308521,0.339954,-0.103161
cinco,0.554686,0.621152,0.000000,0.621303,0.585108,-0.007033,0.665756,0.557597,-0.023703,0.711857,0.535711,-0.041503,0.736481,0.513160,-0.061527,0.568910,0.479349,-0.033311,0.472704,0.419658,-0.050371,0.410104,0.378752,-0.066220,0.350190,0.341636,-0.077808,0.522137,0.473578,-0.040826,0.375775,0.442836,-0.058481,0.287797,0.430721,-0.073377,0.216019,0.417496,-0.086104,0.485942,0.472203,-0.046498,0.334343,0.453244,-0.056765,0.240811,0.447447,-0.066833,0.165813,0.435338,-0.077285,0.459077,0.479004,-0.052822,0.362171,0.446333,-0.059083,0.294412,0.435472,-0.064824,0.233281,0.428568,-0.072084
cinco,0.601881,0.733832,0.000000,0.575393,0.646458,0.020343,0.517835,0.565887,0.021038,0.456469,0.510314,0.013926,0.379492,0.462575,0.004228,0.486754,0.446762,0.021569,0.372378,0.376302,0.014857,0.283739,0.346087,0.004367,0.209227,0.324002,-0.003348,0.490473,0.448525,0.002095,0.327423,0.398386,-0.008444,0.217549,0.393466,-0.021911,0.130924,0.391510,-0.031212,0.507235,0.462695,-0.016439,0.332696,0.421200,-0.021936,0.222511,0.421713,-0.029054,0.135174,0.419209,-0.035750,0.537007,0.490078,-0.034657,0.417948,0.423146,-0.039060,0.327529,0.397935,-0.042978,0.249040,0.387398,-0.047223
cinco,0.559346,0.308440,0.000000,0.646221,0.373563,-0.019299,0.658945,0.478477,-0.051488,0.648899,0.551946,-0.082998,0.668399,0.597727,-0.115850,0.588333,0.494205,-0.090152,0.500949,0.618658,-0.130372,0.441142,0.680168,-0.152098,0.393199,0.734561,-0.164036,0.499552,0.475458,-0.099335,0.406734,0.620626,-0.141435,0.352199,0.699532,-0.152046,0.311067,0.753979,-0.161640,0.425612,0.436634,-0.104003,0.336153,0.576167,-0.129560,0.296900,0.654937,-0.121131,0.273032,0.712162,-0.119562,0.366107,0.399104,-0.110574,0.291073,0.498404,-0.123871,0.261296,0.562293,-0.116615,0.247056,0.613620,-0.114283
cinco,0.561609,0.327512,0.000000,0.462187,0.300827,-0.015063,0.358981,0.336452,-0.047536,0.290883,0.371625,-0.078579,0.231761,0.409135,-0.111557,0.411398,0.443309,-0.110419,0.358847,0.531662,-0.159284,0.317688,0.585537,-0.184066,0.282564,0.628031,-0.197950,0.478019,0.482678,-0.122589,0.413559,0.582943,-0.176897,0.365571,0.634734,-0.190128,0.331014,0.676416,-0.200957,0.537910,0.488157,-0.128158,0.471053,0.587710,-0.165270,0.420472,0.636531,-0.157003,0.385066,0.675765,-0.153808,0.593047,0.481770,-0.134422,0.550009,0.557824,-0.156726,0.501722,0.605732,-0.150909,0.459412,0.646111,-0.148445
cinco,0.455809,0.809286,-0.000000,0.337842,0.750006,-0.050133,0.240573,0.665841,-0.083171,0.175345,0.594044,-0.111806,0.110320,0.534824,-0.141030,0.402154,0.507092,-0.060550,0.386764,0.385133,-0.091078,0.387920,0.314868,-0.114546,0.396791,0.253856,-0.131520,0.500466,0.507770,-0.054636,0.532396,0.373706,-0.083155,0.565041,0.304650,-0.107538,0.606764,0.240095,-0.126537,0.585111,0.540917,-0.053298,0.629906,0.423223,-0.078681,0.661368,0.363729,-0.101964,0.695087,0.303399,-0.118855,0.657099,0.601426,-0.056845,0.735440,0.521534,-0.077423,0.787749,0.481628,-0.093673,0.840215,0.440794,-0.106479
cinco,0.505985,0.816899,-0.000000,0.387283,0.758906,-0.050036,0.288774,0.673306,-0.083138,0.220974,0.600278,-0.111865,0.149064,0.543486,-0.141199,0.451925,0.518131,-0.062384,0.436000,0.395778,-0.094102,0.434611,0.324794,-0.117967,0.440346,0.263767,-0.135113,0.550251,0.518738,-0.056663,0.585957,0.384732,-0.086506,0.620495,0.316892,-0.111051,0.662629,0.253526,-0.130032,0.634748,0.550378,-0.055355,0.684312,0.431370,-0.081974,0.718759,0.372089,-0.105536,0.752564,0.312582,-0.122432,0.705346,0.608923,-0.058943,0.788455,0.533088,-0.080270,0.842869,0.493086,-0.096988,0.895115,0.450772,-0.110076
cinco,0.382093,0.787394,0.000000,0.522819,0.771252,-0.012675,0.648410,0.720480,-0.025885,0.727131,0.659816,-0.038953,0.782777,0.611648,-0.052687,0.613421,0.561142,-0.031392,0.699616,0.455629,-0.044683,0.742465,0.398720,-0.049545,0.778211,0.344860,-0.053157,0.534739,0.523611,-0.036474,0.588083,0.388893,-0.048995,0.613733,0.321324,-0.053050,0.633772,0.256768,-0.057395,0.451457,0.517443,-0.041814,0.471833,0.390364,-0.054929,0.477077,0.326960,-0.060066,0.485914,0.263591,-0.064002,0.365265,0.537388,-0.048091,0.329567,0.442525,-0.058763,0.298218,0.396704,-0.062443,0.276496,0.350866,-0.065399
cinco,0.384692,0.764126,0.000000,0.517233,0.740791,-0.011195,0.637115,0.692134,-0.024254,0.715620,0.635243,-0.037218,0.770142,0.590674,-0.050688,0.607864,0.545112,-0.031738,0.690919,0.442887,-0.045225,0.733502,0.390090,-0.049926,0.767826,0.339285,-0.053170,0.533305,0.510510,-0.037062,0.586068,0.382025,-0.049657,0.611690,0.318094,-0.052634,0.630666,0.257129,-0.056006,0.455372,0.506138,-0.042440,0.475189,0.384040,-0.054326,0.479330,0.324031,-0.057174,0.486178,0.265105,-0.059648,0.374854,0.525116,-0.048756,0.346600,0.436253,-0.057478,0.319593,0.392744,-0.059482,0.300628,0.348418,-0.061358
cinco,0.428978,0.294929,0.000000,0.319845,0.343659,-0.027519,0.257523,0.430220,-0.062191,0.228403,0.460566,-0.094004,0.209167,0.432323,-0.128693,0.359661,0.453106,-0.110648,0.400660,0.587764,-0.155663,0.439966,0.657759,-0.179089,0.471849,0.713028,-0.193547,0.443533,0.442232,-0.117767,0.487545,0.590344,-0.168293,0.518049,0.683344,-0.183245,0.540140,0.747488,-0.196426,0.519642,0.412712,-0.120204,0.562360,0.557312,-0.158342,0.584337,0.646885,-0.159826,0.598157,0.708532,-0.163500,0.597960,0.390748,-0.123878,0.628508,0.499641,-0.150837,0.632716,0.571113,-0.154997,0.632377,0.624317,-0.158933
cinco,0.497371,0.304302,0.000000,0.587384,0.286918,-0.017611,0.667023,0.314769,-0.044417,0.707260,0.350675,-0.070470,0.727566,0.360031,-0.097277,0.619843,0.403800,-0.078615,0.622244,0.500640,-0.115716,0.603373,0.547352,-0.134524,0.589958,0.589250,-0.145043,0.529410,0.434964,-0.087130,0.531317,0.548280,-0.129152,0.523123,0.591166,-0.139510,0.522445,0.617672,-0.147596,0.451507,0.437012,-0.092054,0.458431,0.537029,-0.121315,0.455812,0.574532,-0.116124,0.464571,0.591674,-0.114207,0.385077,0.431418,-0.098428,0.383158,0.504845,-0.116390,0.388696,0.529763,-0.113464,0.405664,0.543163,-0.112500
cinco,0.707754,0.697302,0.000000,0.793649,0.567940,-0.021323,0.782063,0.463396,-0.046969,0.721296,0.388595,-0.071207,0.666398,0.323924,-0.097844,0.591668,0.495367,-0.056706,0.428090,0.432789,-0.090009,0.315041,0.400028,-0.114860,0.218580,0.372538,-0.132641,0.534418,0.563312,-0.064987,0.332943,0.533241,-0.099601,0.210971,0.495725,-0.124145,0.113433,0.465129,-0.144910,0.498643,0.626830,-0.072213,0.306671,0.609243,-0.101451,0.197351,0.593030,-0.115282,0.118736,0.572349,-0.128115,0.480451,0.688463,-0.081426,0.333187,0.684039,-0.103316,0.253175,0.694280,-0.110513,0.193896,0.698381,-0.118477
cinco,0.590226,0.744465,0.000000,0.603955,0.725148,0.001463,0.576932,0.704628,-0.007811,0.558367,0.693855,-0.019888,0.534175,0.693911,-0.034587,0.519435,0.557999,-0.009789,0.378667,0.508672,-0.019851,0.292675,0.475592,-0.032769,0.220175,0.445485,-0.042468,0.508905,0.523120,-0.019499,0.341080,0.494870,-0.028125,0.246785,0.476882,-0.039969,0.173970,0.460295,-0.051093,0.514536,0.507220,-0.028383,0.361646,0.472168,-0.032548,0.270210,0.458998,-0.040486,0.193660,0.443838,-0.049795,0.539159,0.508177,-0.037818,0.453068,0.445795,-0.042883,0.403922,0.413061,-0.048083,0.356017,0.390978,-0.054512
cinco,0.572582,0.502478,0.000000,0.679861,0.519871,-0.045620,0.745650,0.556344,-0.090626,0.800089,0.574373,-0.128208,0.857280,0.565328,-0.167326,0.629409,0.558289,-0.120178,0.508554,0.624684,-0.168393,0.426683,0.632593,-0.199198,0.347324,0.625417,-0.217926,0.551868,0.554808,-0.115746,0.417603,0.592290,-0.157682,0.316776,0.591709,-0.178717,0.218842,0.568788,-0.199456,0.488772,0.538882,-0.109048,0.350917,0.571038,-0.138479,0.262330,0.573503,-0.146966,0.177955,0.559874,-0.158727,0.429373,0.527846,-0.104817,0.328837,0.542337,-0.125451,0.268885,0.553252,-0.130736,0.210266,0.561797,-0.139146
cinco,0.762027,0.684577,0.000000,0.702171,0.640786,-0.002747,0.629421,0.601881,-0.019473,0.544914,0.566033,-0.037611,0.448211,0.541322,-0.058961,0.655706,0.455676,-0.040911,0.468623,0.455229,-0.068683,0.350633,0.470864,-0.089140,0.251091,0.485512,-0.101614,0.647745,0.450356,-0.053165,0.445324,0.458553,-0.081693,0.311531,0.489238,-0.099476,0.200578,0.508631,-0.113463,0.635264,0.467699,-0.063505,0.440117,0.474835,-0.084721,0.319599,0.502689,-0.094120,0.221676,0.526414,-0.103069,0.604817,0.506507,-0.074069,0.446471,0.496456,-0.090405,0.348765,0.513437,-0.096654,0.269369,0.536330,-0.103075
cinco,0.541488,0.330561,0.000000,0.499133,0.252312,-0.023328,0.440861,0.280098,-0.056482,0.401404,0.299078,-0.085841,0.343637,0.325966,-0.117263,0.444363,0.444066,-0.122234,0.420353,0.546136,-0.176923,0.391945,0.606574,-0.205399,0.366482,0.647253,-0.221301,0.486076,0.494477,-0.130636,0.448960,0.612221,-0.193453,0.412822,0.670659,-0.214932,0.391820,0.701924,-0.231344,0.528312,0.502158,-0.132669,0.484162,0.606629,-0.182447,0.448835,0.652618,-0.185751,0.430086,0.680128,-0.188643,0.564795,0.478833,-0.134778,0.543430,0.545924,-0.168619,0.496148,0.587408,-0.172459,0.456806,0.618539,-0.176290
cinco,0.448590,0.515649,0.000000,0.371663,0.443324,-0.035319,0.335428,0.428195,-0.066893,0.335602,0.383651,-0.092875,0.312389,0.318677,-0.120157,0.396351,0.584458,-0.108164,0.433303,0.658077,-0.154210,0.483396,0.658758,-0.177105,0.534606,0.637810,-0.190051,0.479686,0.627110,-0.107602,0.596783,0.697172,-0.155678,0.701032,0.684478,-0.170636,0.792476,0.641692,-0.183974,0.552649,0.636807,-0.104688,0.688025,0.677979,-0.147345,0.763588,0.661082,-0.151375,0.826276,0.616711,-0.154214,0.610201,0.625899,-0.103324,0.716074,0.623290,-0.135966,0.777394,0.607765,-0.143222,0.824866,0.584506,-0.148230
cinco,0.445388,0.702937,0.000000,0.483364,0.680227,0.014527,0.504084,0.632568,0.022462,0.509598,0.595975,0.026498,0.502487,0.567441,0.029520,0.511092,0.482900,0.018418,0.548295,0.387471,0.024104,0.580044,0.331982,0.023263,0.614977,0.282251,0.020796,0.499441,0.455247,0.011007,0.597404,0.389700,0.016022,0.681070,0.369305,0.011794,0.753683,0.351070,0.007031,0.487902,0.441354,0.005299,0.577686,0.378110,0.009118,0.663668,0.369082,0.004672,0.738760,0.357737,0.000575,0.465356,0.438004,0.000038,0.491153,0.361454,0.001937,0.532491,0.336757,-0.000540,0.580383,0.324320,-0.002968
cinco,0.272426,0.666022,0.000000,0.355704,0.591219,0.008232,0.439946,0.538313,0.002107,0.524334,0.513684,-0.006889,0.591799,0.487600,-0.018732,0.383831,0.438147,-0.026429,0.553954,0.429590,-0.045193,0.677366,0.446985,-0.057834,0.775517,0.466074,-0.066342,0.371066,0.443021,-0.040713,0.564774,0.440691,-0.059894,0.699296,0.469313,-0.072405,0.807573,0.486481,-0.084726,0.363898,0.461594,-0.052775,0.558086,0.455245,-0.068435,0.685820,0.480175,-0.078156,0.796291,0.494718,-0.087660,0.363923,0.491219,-0.064212,0.504130,0.493423,-0.077607,0.592539,0.510728,-0.084825,0.673419,0.517495,-0.091767
cinco,0.498236,0.791481,0.000000,0.630985,0.736154,-0.023600,0.733981,0.666052,-0.037174,0.800193,0.596914,-0.050558,0.866995,0.547037,-0.063837,0.620999,0.518975,-0.009479,0.655150,0.411597,-0.017975,0.671711,0.356819,-0.024887,0.682625,0.308037,-0.030174,0.531197,0.509813,-0.009438,0.527703,0.384596,-0.015412,0.518908,0.323589,-0.024224,0.511512,0.273566,-0.031753,0.453254,0.526948,-0.013268,0.440218,0.422959,-0.021147,0.431318,0.370857,-0.031444,0.432055,0.323966,-0.038819,0.379124,0.563283,-0.020269,0.347808,0.485350,-0.027498,0.330104,0.439903,-0.034287,0.324848,0.398073,-0.039457
cinco,0.506047,0.782377,0.000000,0.386714,0.700710,0.008189,0.314126,0.632110,0.012194,0.275213,0.563207,0.014055,0.242525,0.510469,0.016804,0.457775,0.525635,0.016652,0.434099,0.415848,0.022015,0.432610,0.360528,0.027004,0.433095,0.313538,0.030567,0.546310,0.528617,0.012356,0.554743,0.400687,0.017910,0.568477,0.338569,0.023398,0.583465,0.293437,0.027460,0.621478,0.551384,0.008334,0.631894,0.436527,0.013317,0.638268,0.380636,0.019005,0.643844,0.331854,0.023449,0.685473,0.591010,0.003995,0.707075,0.503347,0.010281,0.717855,0.460167,0.016290,0.725642,0.425275,0.020986
cinco,0.572567,0.397085,0.000000,0.475128,0.354966,-0.021996,0.369693,0.399374,-0.054670,0.284162,0.439719,-0.083357,0.198729,0.464729,-0.113319,0.455997,0.515190,-0.113560,0.425891,0.627871,-0.164019,0.403996,0.663947,-0.191337,0.391175,0.677754,-0.206966,0.518533,0.558401,-0.120947,0.486057,0.667224,-0.176275,0.459227,0.695619,-0.192593,0.444164,0.699731,-0.206194,0.574693,0.564554,-0.122534,0.534745,0.664246,-0.162969,0.509773,0.686845,-0.160404,0.499190,0.688512,-0.160391,0.619456,0.549028,-0.124724,0.583738,0.629906,-0.149436,0.545088,0.653867,-0.148096,0.521480,0.658763,-0.149251
cinco,0.482975,0.372064,0.000000,0.580174,0.398651,-0.020134,0.653292,0.466359,-0.054567,0.701991,0.521544,-0.087774,0.746785,0.559569,-0.122471,0.573706,0.512560,-0.104644,0.545424,0.634359,-0.150368,0.526614,0.712892,-0.173192,0.509170,0.776905,-0.185995,0.491553,0.526108,-0.115191,0.462355,0.652807,-0.167480,0.446577,0.735821,-0.180624,0.432995,0.798703,-0.191021,0.421744,0.518659,-0.120156,0.396664,0.642399,-0.156054,0.389736,0.722734,-0.149233,0.388628,0.782112,-0.146704,0.367484,0.506002,-0.126428,0.332995,0.601723,-0.146985,0.329228,0.670427,-0.141358,0.338352,0.725293,-0.139085
cinco,0.491520,0.728268,0.000000,0.400064,0.666550,-0.028654,0.321424,0.596557,-0.046356,0.260902,0.533020,-0.062750,0.196910,0.483758,-0.079048,0.446537,0.482668,-0.022834,0.430194,0.387948,-0.037127,0.425307,0.337990,-0.048485,0.424581,0.293335,-0.056594,0.524169,0.483874,-0.020813,0.535405,0.379250,-0.032792,0.547193,0.328904,-0.045487,0.560943,0.288622,-0.055648,0.588930,0.508634,-0.022312,0.610410,0.422258,-0.034023,0.623260,0.382246,-0.046932,0.631848,0.345606,-0.056036,0.642228,0.552958,-0.027310,0.674981,0.493269,-0.035644,0.693355,0.465334,-0.043403,0.706546,0.440409,-0.049518
cinco,0.394155,0.727718,0.000000,0.504429,0.702864,-0.003942,0.606852,0.665219,-0.009237,0.685038,0.623487,-0.015848,0.743314,0.599590,-0.021734,0.589333,0.539178,-0.003950,0.649808,0.462605,-0.008564,0.683984,0.423628,-0.009335,0.711764,0.385554,-0.009344,0.531973,0.512257,-0.008721,0.585733,0.421442,-0.010364,0.612315,0.374666,-0.009640,0.633244,0.331286,-0.010375,0.469374,0.509326,-0.014412,0.495153,0.419870,-0.016433,0.501972,0.375082,-0.016035,0.511026,0.331044,-0.016348,0.401386,0.522352,-0.021309,0.384172,0.456508,-0.021287,0.369589,0.418746,-0.020119,0.362838,0.378925,-0.019928
cinco,0.443558,0.328833,0.000000,0.340260,0.373150,-0.029117,0.286978,0.482415,-0.064312,0.306556,0.566573,-0.095532,0.336730,0.634735,-0.129572,0.393996,0.508459,-0.122911,0.452310,0.650344,-0.171353,0.497677,0.732565,-0.195537,0.526937,0.793602,-0.209056,0.481956,0.509380,-0.127411,0.542992,0.657825,-0.179331,0.576050,0.755639,-0.190881,0.593495,0.816164,-0.201776,0.551710,0.495541,-0.126763,0.598768,0.634365,-0.163558,0.623826,0.719224,-0.161682,0.634974,0.777967,-0.163406,0.614511,0.481119,-0.127778,0.652562,0.585331,-0.151819,0.665066,0.646482,-0.153998,0.667802,0.693103,-0.157535
cinco,0.484794,0.428160,0.000000,0.548901,0.389990,-0.035001,0.634051,0.436444,-0.078009,0.715742,0.481933,-0.114023,0.773303,0.512173,-0.149923,0.577658,0.528969,-0.141145,0.637613,0.660355,-0.200017,0.659759,0.710336,-0.229414,0.672552,0.744660,-0.245570,0.529194,0.587093,-0.144143,0.605441,0.708598,-0.209372,0.627044,0.759113,-0.225626,0.645507,0.773897,-0.238311,0.487307,0.610391,-0.141502,0.559839,0.707171,-0.191118,0.575998,0.742879,-0.188971,0.589047,0.752159,-0.187706,0.456319,0.606809,-0.139842,0.508531,0.678555,-0.172423,0.535506,0.711941,-0.172805,0.559293,0.728400,-0.174022
cinco,0.523242,0.795617,0.000000,0.621171,0.734991,-0.031434,0.706429,0.650890,-0.053838,0.776917,0.584810,-0.074910,0.849474,0.540745,-0.096663,0.574330,0.504676,-0.034192,0.584211,0.391951,-0.052911,0.585118,0.329388,-0.066835,0.582543,0.274634,-0.077138,0.486447,0.510104,-0.034331,0.452110,0.385382,-0.050907,0.426743,0.324800,-0.064776,0.408273,0.270918,-0.076273,0.413091,0.543070,-0.038048,0.366439,0.435921,-0.054770,0.334829,0.379067,-0.068859,0.315371,0.327133,-0.079169,0.350808,0.594794,-0.045147,0.275449,0.523438,-0.058854,0.232854,0.482778,-0.068459,0.202925,0.441252,-0.076243
cinco,0.594397,0.576620,0.000000,0.609167,0.621174,-0.017801,0.573512,0.680924,-0.044936,0.513679,0.729560,-0.069878,0.423587,0.771245,-0.097745,0.591982,0.579365,-0.076717,0.435869,0.595771,-0.107896,0.342748,0.581090,-0.128773,0.248361,0.565773,-0.141399,0.573457,0.525822,-0.082312,0.369535,0.517099,-0.108541,0.258135,0.508173,-0.120790,0.164137,0.499715,-0.133671,0.554944,0.475604,-0.085205,0.358683,0.465723,-0.100492,0.248179,0.465135,-0.106293,0.153378,0.462320,-0.115480,0.533076,0.439898,-0.088906,0.416056,0.407236,-0.100304,0.337008,0.392599,-0.105173,0.260005,0.389282,-0.112499
cinco,0.570681,0.396367,0.000000,0.487978,0.338044,-0.024948,0.371506,0.353661,-0.060040,0.276977,0.358754,-0.090953,0.196488,0.350911,-0.124416,0.387382,0.528422,-0.116898,0.302580,0.632280,-0.171305,0.231458,0.681235,-0.202669,0.172058,0.716209,-0.220305,0.469887,0.578714,-0.121883,0.412904,0.671107,-0.181966,0.384976,0.720720,-0.208297,0.366439,0.747696,-0.228052,0.556868,0.573490,-0.120096,0.534443,0.661350,-0.161109,0.536564,0.706259,-0.166140,0.540935,0.732774,-0.172160,0.630450,0.536293,-0.119177,0.646976,0.616256,-0.142278,0.663696,0.667768,-0.143306,0.678349,0.703284,-0.146903
cinco,0.424337,0.741994,-0.000000,0.339735,0.651914,-0.025557,0.279811,0.556725,-0.043055,0.236929,0.484186,-0.060413,0.181304,0.440042,-0.077689,0.467071,0.448891,-0.023467,0.463190,0.347516,-0.039783,0.463947,0.291121,-0.053372,0.471005,0.238952,-0.063704,0.550996,0.467723,-0.025120,0.601311,0.362139,-0.038333,0.639470,0.315519,-0.051070,0.682486,0.275913,-0.062340,0.611491,0.512555,-0.030268,0.681402,0.428995,-0.042637,0.725994,0.389434,-0.054549,0.769669,0.346311,-0.064189,0.652476,0.577212,-0.039130,0.734802,0.533530,-0.048994,0.785006,0.509296,-0.056627,0.832003,0.479138,-0.063105
cinco,0.384503,0.780772,0.000000,0.515433,0.757869,-0.014582,0.632424,0.709106,-0.027201,0.725856,0.660383,-0.039519,0.792823,0.627128,-0.051700,0.575476,0.554482,-0.020844,0.631150,0.453777,-0.030199,0.657524,0.404193,-0.034357,0.675507,0.359823,-0.037209,0.498112,0.529552,-0.022926,0.525849,0.410974,-0.029059,0.535897,0.352934,-0.031874,0.537386,0.304144,-0.035766,0.423256,0.538317,-0.026395,0.418955,0.432030,-0.033599,0.411825,0.376462,-0.038648,0.405578,0.325754,-0.042932,0.352452,0.568725,-0.031491,0.301934,0.503217,-0.036165,0.265537,0.464523,-0.038974,0.236020,0.424940,-0.041836
cinco,0.415422,0.331941,0.000000,0.488717,0.276873,-0.042770,0.592091,0.307874,-0.090393,0.659222,0.371281,-0.128322,0.660878,0.442076,-0.165153,0.496007,0.442501,-0.160727,0.609878,0.553730,-0.226932,0.656921,0.590349,-0.256813,0.694449,0.629958,-0.272336,0.421419,0.510945,-0.162374,0.567227,0.618752,-0.233527,0.605775,0.646487,-0.247122,0.645401,0.659405,-0.257570,0.369451,0.539173,-0.159283,0.518899,0.624372,-0.214209,0.563137,0.627944,-0.211483,0.608595,0.624398,-0.209505,0.340055,0.538373,-0.157946,0.450215,0.604855,-0.195928,0.486679,0.603494,-0.198036,0.532695,0.596887,-0.199992
cinco,0.555261,0.699810,0.000000,0.634011,0.639791,-0.024154,0.699204,0.575244,-0.043724,0.740352,0.518488,-0.062480,0.776753,0.470558,-0.082080,0.604742,0.478573,-0.034747,0.617012,0.391138,-0.054051,0.624047,0.340903,-0.067128,0.625803,0.291087,-0.076594,0.531057,0.482475,-0.037822,0.515141,0.384780,-0.056153,0.507120,0.330559,-0.068795,0.501545,0.279667,-0.079408,0.468290,0.508462,-0.043234,0.434515,0.423138,-0.060576,0.414854,0.377890,-0.071810,0.405946,0.333079,-0.080346,0.411981,0.549278,-0.051197,0.360026,0.493184,-0.064815,0.328676,0.457546,-0.073057,0.309296,0.419467,-0.079917
cinco,0.554945,0.799408,0.000000,0.399668,0.741662,-0.013198,0.291317,0.667077,-0.028461,0.214826,0.597683,-0.042097,0.142093,0.548820,-0.056201,0.386231,0.545771,-0.043242,0.325677,0.429135,-0.061348,0.297618,0.358973,-0.071006,0.278583,0.299713,-0.077672,0.479707,0.535009,-0.045952,0.461193,0.403135,-0.064586,0.457184,0.328375,-0.071274,0.466039,0.267095,-0.077033,0.566913,0.552094,-0.047535,0.574184,0.432746,-0.062228,0.578191,0.370555,-0.066285,0.586715,0.316456,-0.069372,0.642599,0.588678,-0.050328,0.689861,0.513219,-0.059129,0.721504,0.472887,-0.061219,0.753368,0.435864,-0.063653
cinco,0.762971,0.659190,0.000000,0.631969,0.562572,0.011641,0.510722,0.512435,-0.005403,0.381543,0.490235,-0.029292,0.263849,0.476531,-0.056819,0.593320,0.403291,-0.033363,0.422078,0.402382,-0.073575,0.309865,0.408576,-0.104221,0.211858,0.412762,-0.123176,0.636517,0.415188,-0.060046,0.440169,0.417442,-0.105527,0.312539,0.435372,-0.133662,0.207356,0.441833,-0.153096,0.678188,0.444180,-0.084856,0.500217,0.440590,-0.120888,0.390030,0.453338,-0.135107,0.294534,0.463805,-0.145149,0.705864,0.488900,-0.108833,0.576543,0.474997,-0.132945,0.485158,0.484813,-0.141318,0.398067,0.498868,-0.149124
cinco,0.681227,0.503474,0.000000,0.601662,0.475006,-0.028941,0.490091,0.515680,-0.075655,0.369405,0.546943,-0.116308,0.257966,0.561527,-0.158559,0.560366,0.565571,-0.144372,0.400657,0.574908,-0.204439,0.285371,0.555285,-0.239574,0.173109,0.533992,-0.259733,0.604492,0.576014,-0.149231,0.416565,0.579111,-0.209348,0.281840,0.562895,-0.229805,0.155897,0.537463,-0.246846,0.637832,0.564254,-0.148049,0.458991,0.553899,-0.187132,0.350745,0.536406,-0.186524,0.249254,0.515935,-0.190252,0.642348,0.544644,-0.147643,0.508294,0.515999,-0.169202,0.424908,0.508923,-0.168594,0.347322,0.507092,-0.172839
cinco,0.532798,0.313007,0.000000,0.671174,0.364448,-0.027406,0.774339,0.447388,-0.076600,0.825118,0.523574,-0.121090,0.868011,0.598115,-0.166944,0.643113,0.491048,-0.153752,0.604524,0.633214,-0.212245,0.597547,0.718425,-0.240002,0.592949,0.803293,-0.254553,0.518587,0.484965,-0.161074,0.461773,0.641034,-0.222194,0.444053,0.739200,-0.236379,0.433180,0.835078,-0.249290,0.413672,0.461360,-0.159886,0.341170,0.600216,-0.201132,0.322945,0.699375,-0.192706,0.313433,0.786920,-0.190832,0.324387,0.431623,-0.159488,0.242800,0.507043,-0.186242,0.194369,0.568155,-0.181731,0.165731,0.627818,-0.181231
cinco,0.681689,0.324972,-0.000000,0.557886,0.291621,-0.018096,0.421253,0.333858,-0.056683,0.317086,0.371625,-0.094030,0.237341,0.414698,-0.134497,0.479996,0.460996,-0.123051,0.385485,0.576633,-0.185455,0.307719,0.638637,-0.220799,0.244583,0.700493,-0.239934,0.575211,0.511708,-0.136466,0.508319,0.626744,-0.206991,0.476235,0.702288,-0.232791,0.457352,0.763175,-0.249819,0.669758,0.520339,-0.142649,0.633229,0.622817,-0.189965,0.620011,0.679484,-0.188770,0.613308,0.728135,-0.189115,0.750657,0.505904,-0.149754,0.761954,0.583565,-0.176272,0.770213,0.630540,-0.173952,0.774068,0.669928,-0.174039
cinco,0.535421,0.762249,-0.000000,0.401376,0.696522,-0.034189,0.299708,0.604533,-0.056502,0.241147,0.523165,-0.077458,0.182002,0.456528,-0.099014,0.432026,0.452184,-0.030977,0.390485,0.332023,-0.053189,0.366550,0.259945,-0.071613,0.345963,0.194754,-0.085682,0.528931,0.449985,-0.031253,0.522141,0.313546,-0.053226,0.520800,0.234044,-0.075038,0.525057,0.161430,-0.091899,0.617570,0.480522,-0.035751,0.643932,0.358705,-0.056720,0.662530,0.291684,-0.078110,0.676335,0.221613,-0.093303,0.694255,0.538059,-0.044013,0.743576,0.452603,-0.062058,0.771226,0.401670,-0.077374,0.796499,0.347707,-0.089287
cinco,0.483909,0.854405,0.000000,0.624075,0.810341,-0.010221,0.726189,0.730909,-0.019631,0.785756,0.653642,-0.027750,0.836799,0.592979,-0.035736,0.642906,0.593793,-0.024324,0.677977,0.470673,-0.032605,0.691130,0.409092,-0.034256,0.696248,0.361853,-0.035440,0.554818,0.589713,-0.026531,0.541387,0.450829,-0.034938,0.524805,0.378238,-0.036964,0.504245,0.321961,-0.039409,0.475514,0.615061,-0.028723,0.448590,0.492310,-0.039254,0.429711,0.425521,-0.043547,0.414112,0.370897,-0.045984,0.402926,0.656309,-0.031520,0.340436,0.576896,-0.039596,0.302577,0.531192,-0.042635,0.274687,0.491143,-0.044668
cinco,0.468697,0.820675,0.000000,0.607224,0.766375,-0.005183,0.694381,0.691234,-0.008374,0.740485,0.613532,-0.009588,0.776645,0.550233,-0.009680,0.604297,0.567310,-0.011547,0.623142,0.440903,-0.013011,0.632728,0.379606,-0.010511,0.635743,0.331197,-0.008503,0.524334,0.572657,-0.010088,0.499802,0.437744,-0.012703,0.485242,0.365171,-0.011202,0.468378,0.309495,-0.010131,0.455623,0.597800,-0.008085,0.420001,0.479719,-0.013862,0.395319,0.415466,-0.014806,0.376418,0.365582,-0.013745,0.396867,0.630466,-0.006159,0.339460,0.553697,-0.009457,0.301782,0.509778,-0.009658,0.273851,0.473753,-0.008916
cinco,0.535575,0.382923,0.000000,0.439628,0.396298,-0.021415,0.355496,0.481354,-0.048522,0.306121,0.545852,-0.073385,0.270664,0.613535,-0.100543,0.450058,0.516736,-0.090080,0.455167,0.649398,-0.128044,0.466462,0.717179,-0.149109,0.478841,0.775151,-0.160816,0.533785,0.532901,-0.094831,0.551811,0.658334,-0.137503,0.553499,0.745321,-0.150987,0.552575,0.809767,-0.162218,0.604670,0.525346,-0.094987,0.627931,0.645087,-0.123876,0.626609,0.720297,-0.124589,0.621119,0.775720,-0.127346,0.664820,0.508962,-0.096691,0.689366,0.594604,-0.112376,0.693111,0.655339,-0.112945,0.690565,0.704806,-0.115517
cinco,0.441317,0.350116,0.000000,0.541950,0.339419,-0.031579,0.669149,0.405354,-0.075524,0.764717,0.455264,-0.114392,0.843132,0.465917,-0.154148,0.600804,0.502122,-0.138875,0.630008,0.633486,-0.196004,0.637768,0.713095,-0.222850,0.648817,0.772871,-0.237622,0.508153,0.533377,-0.145319,0.509931,0.654274,-0.211149,0.510690,0.735294,-0.227362,0.521621,0.786988,-0.239191,0.424770,0.532038,-0.145426,0.416762,0.644446,-0.193345,0.415223,0.707275,-0.190018,0.425458,0.744050,-0.188682,0.347917,0.515565,-0.146283,0.328425,0.594760,-0.178453,0.314841,0.642204,-0.178851,0.318599,0.676403,-0.179901
cinco,0.524565,0.751372,0.000000,0.615095,0.674548,-0.022499,0.681108,0.583137,-0.034725,0.719294,0.502755,-0.046813,0.762233,0.447083,-0.059167,0.562696,0.467604,-0.008853,0.568720,0.375026,-0.018887,0.566639,0.326271,-0.027274,0.561297,0.283304,-0.033347,0.480158,0.472261,-0.009120,0.456732,0.365004,-0.017357,0.443027,0.313077,-0.028015,0.435066,0.270114,-0.036444,0.413790,0.499530,-0.013176,0.380269,0.404087,-0.023517,0.360629,0.357102,-0.035171,0.351849,0.313095,-0.043096,0.355676,0.543789,-0.020119,0.308983,0.471408,-0.028890,0.286253,0.431350,-0.036462,0.275015,0.391009,-0.042150
cinco,0.508655,0.798431,-0.000000,0.383798,0.708612,-0.012182,0.315246,0.592596,-0.022191,0.269824,0.498665,-0.031240,0.198393,0.442362,-0.040384,0.467355,0.483246,-0.025674,0.460927,0.356274,-0.037194,0.459746,0.286301,-0.042875,0.459811,0.232718,-0.046573,0.566208,0.493421,-0.027710,0.586658,0.353690,-0.038541,0.597911,0.281007,-0.042896,0.611966,0.226732,-0.046483,0.649086,0.527151,-0.030113,0.676316,0.398162,-0.038725,0.688447,0.331787,-0.042194,0.699444,0.276547,-0.044718,0.717368,0.579000,-0.034352,0.762606,0.485069,-0.039602,0.786899,0.430469,-0.041706,0.808206,0.383683,-0.043546
cinco,0.675882,0.385097,-0.000000,0.554743,0.401494,-0.029475,0.409169,0.442874,-0.075780,0.284663,0.494034,-0.119759,0.167124,0.533157,-0.166058,0.479373,0.501227,-0.143167,0.441088,0.619814,-0.214251,0.437874,0.698753,-0.249796,0.441059,0.769239,-0.268310,0.601962,0.523096,-0.156554,0.590449,0.642570,-0.237618,0.572602,0.744022,-0.258412,0.562511,0.813248,-0.270477,0.713070,0.521046,-0.164682,0.714483,0.629137,-0.224633,0.693044,0.724255,-0.216740,0.680560,0.792288,-0.209556,0.806960,0.512981,-0.175083,0.814339,0.587926,-0.211252,0.802427,0.667625,-0.206652,0.790984,0.733063,-0.202710
cinco,0.457333,0.327185,0.000000,0.519202,0.385256,-0.016953,0.570392,0.496867,-0.057998,0.608742,0.590939,-0.097327,0.663224,0.659953,-0.139106,0.537847,0.489662,-0.131671,0.520055,0.645873,-0.179638,0.517979,0.734187,-0.203321,0.511349,0.787601,-0.218041,0.488318,0.500959,-0.145681,0.482407,0.673592,-0.196062,0.490797,0.774476,-0.201241,0.496241,0.836390,-0.209524,0.446410,0.505685,-0.151986,0.455172,0.671647,-0.183851,0.464375,0.760840,-0.169991,0.467047,0.819306,-0.166166,0.404278,0.512302,-0.159071,0.426493,0.631437,-0.179648,0.450939,0.695919,-0.172189,0.470049,0.744259,-0.170173
cinco,0.568389,0.821425,0.000000,0.414583,0.755659,-0.016175,0.308467,0.658406,-0.023189,0.237830,0.578084,-0.032000,0.157479,0.532525,-0.040898,0.423360,0.517777,0.011918,0.374532,0.401557,0.006044,0.350065,0.336691,-0.002334,0.329069,0.280628,-0.009192,0.515769,0.504766,0.009227,0.485808,0.372627,0.005657,0.467348,0.301219,-0.006245,0.453510,0.248828,-0.015962,0.603676,0.523866,0.002047,0.603848,0.397889,-0.003242,0.593810,0.338885,-0.016511,0.580698,0.286992,-0.026438,0.687035,0.566661,-0.008400,0.713724,0.474580,-0.013949,0.715448,0.420317,-0.022417,0.711317,0.369446,-0.029498
cinco,0.401559,0.839699,0.000000,0.570505,0.784254,-0.010348,0.682079,0.667167,-0.022235,0.748286,0.564151,-0.032031,0.833956,0.506281,-0.042412,0.566999,0.542131,-0.043071,0.585482,0.392716,-0.057463,0.592153,0.304369,-0.062511,0.595900,0.231232,-0.066052,0.448580,0.536370,-0.044967,0.467104,0.370843,-0.061914,0.482720,0.272932,-0.066390,0.496838,0.192688,-0.069161,0.341229,0.555534,-0.044828,0.336156,0.400812,-0.059678,0.331547,0.309898,-0.062458,0.332649,0.236087,-0.062982,0.247153,0.590919,-0.044902,0.226892,0.463864,-0.056252,0.225109,0.391966,-0.059006,0.227819,0.332114,-0.060434
cinco,0.467811,0.563309,0.000000,0.392984,0.550201,-0.025543,0.326242,0.565581,-0.041534,0.307862,0.561578,-0.055597,0.312895,0.560576,-0.072050,0.411279,0.521214,-0.037940,0.468870,0.572495,-0.058382,0.536631,0.583027,-0.074611,0.602759,0.586121,-0.085038,0.493498,0.530577,-0.036664,0.575067,0.580920,-0.055697,0.651631,0.612306,-0.071800,0.723099,0.618073,-0.086698,0.562296,0.538882,-0.036493,0.652197,0.580104,-0.056824,0.728093,0.609221,-0.072864,0.796182,0.618916,-0.085234,0.626664,0.548507,-0.038467,0.700596,0.570535,-0.054607,0.759469,0.598654,-0.065523,0.806668,0.614825,-0.074586
cinco,0.412960,0.326410,0.000000,0.509218,0.354924,-0.026177,0.617871,0.421461,-0.064095,0.699512,0.474210,-0.098953,0.792478,0.499807,-0.135649,0.577480,0.489907,-0.119782,0.599895,0.597208,-0.169649,0.586743,0.664494,-0.194203,0.578725,0.719944,-0.208069,0.482812,0.494212,-0.127615,0.484667,0.611871,-0.181715,0.471642,0.688584,-0.195569,0.468052,0.743392,-0.207420,0.392201,0.479145,-0.130203,0.387963,0.592449,-0.169153,0.376967,0.657103,-0.167421,0.380289,0.705236,-0.168859,0.307423,0.458422,-0.133587,0.290450,0.547367,-0.161870,0.279952,0.595206,-0.163670,0.287033,0.632812,-0.166371
cinco,0.608334,0.342574,-0.000000,0.492234,0.365770,-0.015044,0.375475,0.420384,-0.049327,0.285632,0.472560,-0.082660,0.203687,0.512661,-0.117433,0.452157,0.475187,-0.111147,0.435129,0.606408,-0.158968,0.434406,0.682327,-0.179323,0.432924,0.755969,-0.189142,0.557445,0.495632,-0.124317,0.546008,0.623273,-0.175481,0.531154,0.705177,-0.180010,0.516155,0.768956,-0.184143,0.652365,0.489461,-0.131506,0.651338,0.608358,-0.162865,0.633889,0.683998,-0.145461,0.618926,0.739832,-0.136198,0.734749,0.481802,-0.140604,0.752374,0.569553,-0.156614,0.743912,0.633453,-0.145034,0.731375,0.684759,-0.137845
cinco,0.460911,0.782002,0.000000,0.593591,0.730112,-0.004902,0.684636,0.659100,-0.014660,0.736363,0.586064,-0.023905,0.780384,0.522162,-0.033123,0.608104,0.556190,-0.029360,0.647514,0.440439,-0.039512,0.669660,0.384647,-0.041149,0.686258,0.337633,-0.042240,0.521491,0.547769,-0.034482,0.531842,0.425087,-0.044844,0.537305,0.362444,-0.045018,0.537589,0.310565,-0.046215,0.444070,0.564579,-0.038451,0.427812,0.455608,-0.048508,0.417410,0.396065,-0.049175,0.411422,0.344128,-0.049892,0.374761,0.596525,-0.042521,0.321958,0.527033,-0.049060,0.287956,0.485269,-0.049612,0.264922,0.445635,-0.050421
cinco,0.443916,0.804240,-0.000000,0.328525,0.719967,-0.023215,0.248565,0.624956,-0.042745,0.199720,0.546913,-0.062805,0.140884,0.486455,-0.083308,0.419320,0.496606,-0.027104,0.380579,0.374075,-0.048600,0.359138,0.306868,-0.064719,0.341393,0.248532,-0.076930,0.510565,0.508074,-0.032571,0.517342,0.373123,-0.053604,0.520328,0.303619,-0.070361,0.528328,0.241721,-0.083814,0.589989,0.551810,-0.041452,0.633136,0.435924,-0.062145,0.650867,0.375442,-0.078795,0.663871,0.309958,-0.090718,0.656139,0.622602,-0.053229,0.746591,0.555894,-0.070584,0.796055,0.516581,-0.082174,0.835732,0.472879,-0.091149
cinco,0.307185,0.618085,0.000000,0.389935,0.584069,-0.009779,0.490485,0.558569,-0.030584,0.586309,0.555872,-0.050180,0.650876,0.544366,-0.071439,0.411301,0.486626,-0.063085,0.584948,0.509509,-0.091927,0.706910,0.524214,-0.108645,0.805364,0.526300,-0.119128,0.389995,0.490326,-0.070768,0.602719,0.519129,-0.096588,0.736006,0.537946,-0.106771,0.839504,0.539548,-0.118606,0.372154,0.503487,-0.075790,0.575546,0.520096,-0.095044,0.682705,0.549653,-0.096174,0.770531,0.558365,-0.100460,0.359180,0.523937,-0.081764,0.493211,0.524859,-0.096735,0.573988,0.538059,-0.098567,0.641757,0.541509,-0.102039
cinco,0.433648,0.300976,0.000000,0.537534,0.294905,-0.021809,0.664930,0.322720,-0.062385,0.759591,0.348757,-0.100260,0.842203,0.340323,-0.139212,0.603299,0.450013,-0.129622,0.620326,0.574607,-0.181353,0.620889,0.666629,-0.205692,0.619263,0.732805,-0.220332,0.503342,0.481849,-0.140434,0.506706,0.634367,-0.198171,0.503403,0.728558,-0.211618,0.498326,0.785378,-0.223966,0.412162,0.487064,-0.143671,0.407754,0.632818,-0.181980,0.414823,0.719411,-0.174066,0.420823,0.773784,-0.172760,0.330253,0.482724,-0.147508,0.311849,0.595445,-0.172130,0.315253,0.663185,-0.168040,0.332168,0.710596,-0.167383
cinco,0.534966,0.307059,-0.000000,0.422809,0.342471,-0.020580,0.321874,0.421250,-0.054835,0.259709,0.496400,-0.086738,0.207931,0.566900,-0.120633,0.403193,0.474974,-0.115022,0.390860,0.631104,-0.162488,0.396343,0.720014,-0.184347,0.401570,0.800061,-0.195277,0.502883,0.485076,-0.123956,0.503976,0.635056,-0.177815,0.507924,0.740757,-0.186821,0.512087,0.822237,-0.193526,0.594761,0.468168,-0.126768,0.612084,0.608096,-0.160786,0.613284,0.698674,-0.150592,0.613114,0.765551,-0.145788,0.681392,0.447382,-0.131328,0.710253,0.544392,-0.149030,0.712543,0.613577,-0.142706,0.709392,0.669764,-0.139667
cinco,0.489804,0.783740,0.000000,0.576621,0.741716,-0.029852,0.647525,0.692120,-0.054662,0.691870,0.643069,-0.077105,0.732884,0.595517,-0.100503,0.539304,0.597432,-0.049916,0.551305,0.515714,-0.073382,0.560927,0.461997,-0.088989,0.567406,0.408786,-0.100458,0.461484,0.600410,-0.051243,0.444039,0.503799,-0.073422,0.435278,0.448572,-0.088348,0.428075,0.393517,-0.101580,0.397351,0.623497,-0.054235,0.363770,0.536081,-0.074892,0.350637,0.488724,-0.088887,0.346832,0.438266,-0.100166,0.339684,0.661357,-0.059612,0.271207,0.609729,-0.075523,0.230794,0.578573,-0.085288,0.206037,0.544394,-0.094190
cinco,0.584357,0.702726,0.000000,0.464255,0.656382,-0.004438,0.373063,0.610818,-0.011791,0.308647,0.559911,-0.019125,0.251970,0.522232,-0.026434,0.439278,0.540422,-0.020315,0.403132,0.460181,-0.029632,0.387367,0.413374,-0.033210,0.380046,0.371356,-0.035434,0.507074,0.533263,-0.024116,0.489441,0.447300,-0.032616,0.479378,0.396365,-0.034289,0.481477,0.353799,-0.036841,0.570711,0.543320,-0.027050,0.571368,0.466708,-0.034745,0.567460,0.418984,-0.035776,0.571444,0.376747,-0.036781,0.627427,0.563837,-0.030563,0.657754,0.515018,-0.034391,0.682325,0.484485,-0.034147,0.705876,0.455731,-0.034655
cinco,0.548325,0.462275,0.000000,0.636785,0.442786,-0.031048,0.652728,0.473587,-0.064380,0.633778,0.467159,-0.093337,0.606882,0.437574,-0.122441,0.586063,0.585868,-0.104091,0.542032,0.675930,-0.149273,0.516788,0.706498,-0.175027,0.493220,0.729567,-0.189606,0.513318,0.595535,-0.104501,0.448561,0.698360,-0.156462,0.428544,0.741372,-0.181139,0.406674,0.759652,-0.199862,0.455323,0.566228,-0.100083,0.370025,0.643480,-0.137541,0.344958,0.684881,-0.145466,0.312631,0.709759,-0.152786,0.403082,0.509529,-0.096669,0.313652,0.523397,-0.121132,0.252121,0.507816,-0.128825,0.190792,0.496946,-0.137184
cinco,0.488078,0.314675,0.000000,0.588217,0.355486,-0.025584,0.642877,0.436727,-0.060009,0.684077,0.499291,-0.090620,0.708314,0.544153,-0.121718,0.529016,0.476147,-0.105574,0.485594,0.575601,-0.144144,0.463549,0.631298,-0.162369,0.447340,0.676230,-0.172080,0.450297,0.471062,-0.109119,0.390732,0.566664,-0.149429,0.365632,0.628668,-0.158110,0.348040,0.680202,-0.166757,0.385055,0.439243,-0.107441,0.320538,0.529118,-0.132651,0.284801,0.591901,-0.125386,0.261875,0.638745,-0.124327,0.333998,0.398171,-0.107230,0.261681,0.452950,-0.121710,0.198229,0.489658,-0.117127,0.152073,0.520917,-0.116699
cinco,0.483598,0.770300,0.000000,0.602702,0.704167,-0.021933,0.694761,0.610899,-0.035321,0.756193,0.530582,-0.048494,0.825845,0.481539,-0.062350,0.590097,0.479599,-0.019702,0.636626,0.366773,-0.031936,0.661771,0.303445,-0.040650,0.683567,0.244253,-0.047640,0.497843,0.469991,-0.021745,0.510997,0.344987,-0.031673,0.518870,0.277164,-0.041588,0.529282,0.217833,-0.050618,0.416404,0.492074,-0.026799,0.406022,0.384719,-0.038738,0.411639,0.325115,-0.050733,0.427523,0.268774,-0.059656,0.338916,0.536275,-0.034394,0.293025,0.461509,-0.045527,0.274675,0.413282,-0.054320,0.272169,0.364264,-0.061154
cinco,0.465363,0.847000,-0.000000,0.354091,0.755448,-0.004178,0.266179,0.660907,-0.015438,0.176442,0.602789,-0.027586,0.098235,0.577265,-0.039905,0.421463,0.541336,-0.028029,0.359303,0.418052,-0.043039,0.319830,0.345303,-0.050644,0.281508,0.286120,-0.055999,0.517950,0.548330,-0.034977,0.512659,0.399833,-0.050384,0.509434,0.316280,-0.054826,0.509898,0.243757,-0.058992,0.606990,0.588609,-0.041236,0.657781,0.464307,-0.052944,0.691858,0.394961,-0.055160,0.717529,0.327941,-0.056946,0.678021,0.649982,-0.048555,0.752561,0.576279,-0.055691,0.797218,0.530470,-0.057088,0.837557,0.482989,-0.058720
cinco,0.697135,0.292320,-0.000000,0.589558,0.267208,-0.039333,0.418100,0.312342,-0.095292,0.294510,0.341055,-0.146616,0.203076,0.351568,-0.202511,0.435855,0.414682,-0.181455,0.313635,0.528611,-0.268499,0.248304,0.606057,-0.315756,0.204607,0.673905,-0.341768,0.552892,0.457527,-0.193068,0.461997,0.603462,-0.302142,0.422220,0.731077,-0.343182,0.409864,0.840286,-0.366251,0.673621,0.473221,-0.196453,0.650691,0.625183,-0.282117,0.637080,0.728777,-0.291565,0.633507,0.813658,-0.292812,0.782743,0.460065,-0.200500,0.788986,0.544167,-0.255910,0.772271,0.614289,-0.264292,0.750047,0.679450,-0.268525
cinco,0.583946,0.369552,0.000000,0.697604,0.387880,-0.027937,0.786110,0.453314,-0.069592,0.850618,0.501824,-0.105955,0.922475,0.547521,-0.142872,0.678473,0.538428,-0.136461,0.674400,0.662858,-0.187972,0.668817,0.742128,-0.211431,0.665322,0.805635,-0.223721,0.573100,0.536235,-0.140809,0.515277,0.658812,-0.198530,0.474653,0.742895,-0.212406,0.442053,0.814186,-0.223895,0.484336,0.507934,-0.137488,0.401994,0.620091,-0.174400,0.353751,0.693569,-0.167675,0.317063,0.749327,-0.166686,0.407471,0.469936,-0.135179,0.315798,0.529392,-0.158689,0.239626,0.571357,-0.156391,0.181351,0.608516,-0.157291
cinco,0.532290,0.268546,-0.000000,0.658568,0.303293,-0.025296,0.761171,0.374260,-0.073090,0.828466,0.439722,-0.117133,0.876998,0.506326,-0.163126,0.645620,0.421018,-0.152501,0.609571,0.575161,-0.215342,0.606084,0.672712,-0.248224,0.611437,0.769043,-0.265664,0.521374,0.425146,-0.160127,0.463473,0.618081,-0.231338,0.442919,0.743939,-0.252992,0.434619,0.872229,-0.269067,0.417110,0.415520,-0.158919,0.333911,0.583662,-0.207514,0.300799,0.699578,-0.203878,0.281918,0.808583,-0.203882,0.327864,0.394455,-0.158310,0.232144,0.469768,-0.190421,0.153059,0.510304,-0.190910,0.098562,0.556326,-0.193487
cinco,0.432279,0.764274,-0.000000,0.347749,0.693731,-0.026116,0.283637,0.611060,-0.046476,0.236943,0.543766,-0.065662,0.173984,0.490140,-0.085531,0.418940,0.508808,-0.038818,0.393659,0.405708,-0.061183,0.380486,0.347746,-0.076460,0.375392,0.293232,-0.087325,0.497671,0.516947,-0.041204,0.496724,0.406441,-0.062556,0.497231,0.348673,-0.076680,0.506620,0.293551,-0.088217,0.565005,0.550675,-0.046157,0.597051,0.455808,-0.065853,0.615389,0.406483,-0.078755,0.633980,0.351496,-0.088197,0.617831,0.604472,-0.053992,0.676571,0.547112,-0.068965,0.714798,0.514573,-0.077799,0.752025,0.474693,-0.084970
cinco,0.526607,0.842886,0.000000,0.622055,0.774945,0.003794,0.713336,0.674537,-0.008575,0.807978,0.619570,-0.022692,0.891858,0.607521,-0.037015,0.630763,0.560653,-0.039173,0.703817,0.451757,-0.059663,0.758788,0.388098,-0.069437,0.806262,0.340014,-0.076586,0.548167,0.557462,-0.053584,0.573486,0.418642,-0.076792,0.597775,0.338540,-0.085561,0.616412,0.264893,-0.093343,0.456887,0.588690,-0.065421,0.421456,0.475966,-0.083942,0.399331,0.401058,-0.088685,0.387020,0.327526,-0.093044,0.370646,0.646263,-0.076604,0.260104,0.574501,-0.087432,0.193140,0.529740,-0.089562,0.137744,0.480797,-0.092972
cinco,0.405710,0.563755,0.000000,0.488886,0.579771,-0.040088,0.556347,0.619885,-0.070641,0.625064,0.634667,-0.093749,0.698764,0.628655,-0.118247,0.426083,0.658440,-0.098185,0.488851,0.702778,-0.138310,0.568937,0.707060,-0.162997,0.639916,0.705837,-0.177706,0.384136,0.659314,-0.091067,0.481409,0.703099,-0.131688,0.578816,0.707753,-0.153284,0.655226,0.701012,-0.172193,0.357646,0.646719,-0.082273,0.436684,0.687824,-0.117905,0.524610,0.704206,-0.131846,0.599788,0.706815,-0.142302,0.344588,0.627747,-0.074999,0.367643,0.646395,-0.103186,0.424192,0.662289,-0.113876,0.476090,0.674397,-0.122469
cinco,0.405840,0.580828,0.000000,0.397003,0.564933,-0.006364,0.370796,0.572680,-0.012779,0.373828,0.582317,-0.020027,0.365970,0.601555,-0.029575,0.349940,0.519042,-0.013175,0.382900,0.551137,-0.026749,0.438788,0.553939,-0.040932,0.495143,0.555740,-0.050136,0.396552,0.524655,-0.017855,0.455168,0.554230,-0.029359,0.541214,0.566402,-0.044328,0.622840,0.573122,-0.058516,0.434998,0.527333,-0.022592,0.490275,0.550384,-0.033857,0.575014,0.565936,-0.045823,0.657166,0.573700,-0.056174,0.476088,0.530158,-0.028333,0.503761,0.524492,-0.037012,0.560107,0.543017,-0.042958,0.616285,0.558308,-0.049028
cinco,0.448636,0.368436,-0.000000,0.551034,0.417879,-0.049449,0.660829,0.448433,-0.115411,0.744060,0.478915,-0.166825,0.813695,0.518220,-0.218141,0.638734,0.508202,-0.242918,0.619892,0.600357,-0.322881,0.594785,0.682901,-0.347475,0.588475,0.760983,-0.358387,0.514821,0.523642,-0.242673,0.494006,0.648911,-0.327930,0.475952,0.744447,-0.324980,0.478098,0.802977,-0.323738,0.400754,0.521949,-0.232182,0.374404,0.633045,-0.294420,0.384048,0.721816,-0.271346,0.408938,0.759413,-0.256059,0.293841,0.509378,-0.222170,0.246671,0.597201,-0.264910,0.247568,0.679282,-0.256076,0.272372,0.716994,-0.249204
cinco,0.534185,0.270587,-0.000000,0.427466,0.366268,-0.039907,0.348600,0.498411,-0.094149,0.339281,0.619415,-0.141940,0.330288,0.711778,-0.191749,0.342562,0.465314,-0.175048,0.360593,0.664255,-0.245485,0.413416,0.770465,-0.277045,0.462508,0.861257,-0.292619,0.473770,0.432376,-0.180962,0.523527,0.649404,-0.252827,0.573858,0.790655,-0.259267,0.615514,0.883827,-0.265795,0.603201,0.402155,-0.181016,0.668280,0.596400,-0.232426,0.691905,0.723837,-0.216073,0.706878,0.808728,-0.207695,0.725284,0.380880,-0.183681,0.780182,0.511451,-0.216003,0.794209,0.603617,-0.209047,0.799301,0.675770,-0.205216
cinco,0.670409,0.646975,0.000000,0.724641,0.537607,-0.018993,0.716477,0.466833,-0.036794,0.674792,0.395085,-0.053935,0.641495,0.337655,-0.073190,0.544688,0.494302,-0.032624,0.404619,0.472609,-0.056800,0.322782,0.447966,-0.079266,0.250484,0.422701,-0.096141,0.497333,0.550291,-0.039172,0.344749,0.537683,-0.064331,0.253842,0.507682,-0.090247,0.179295,0.480659,-0.112699,0.468948,0.599662,-0.045841,0.321205,0.592752,-0.070113,0.226717,0.572976,-0.089235,0.160244,0.551384,-0.105702,0.460165,0.648370,-0.054057,0.357443,0.649316,-0.074530,0.291197,0.652162,-0.085188,0.236339,0.653746,-0.095485
cinco,0.578630,0.655451,0.000000,0.649167,0.638029,0.011350,0.639354,0.648418,0.005733,0.602090,0.655121,-0.003678,0.541114,0.667697,-0.016710,0.562708,0.561827,-0.012594,0.425481,0.569634,-0.022892,0.330616,0.559007,-0.034316,0.245379,0.548225,-0.042453,0.525089,0.544918,-0.027025,0.366284,0.552916,-0.033965,0.279383,0.558416,-0.043019,0.205293,0.556248,-0.053836,0.498850,0.528683,-0.038378,0.337665,0.524553,-0.040589,0.258964,0.529056,-0.044932,0.190429,0.530383,-0.053660,0.481548,0.524098,-0.049141,0.367077,0.492805,-0.052209,0.300082,0.493647,-0.053594,0.242365,0.507906,-0.058109
cinco,0.782761,0.665853,0.000000,0.664181,0.614434,-0.004553,0.528837,0.601116,-0.032723,0.414150,0.580452,-0.060772,0.326308,0.567850,-0.091072,0.582840,0.553263,-0.083770,0.378019,0.547178,-0.126362,0.261899,0.544681,-0.152116,0.166606,0.544507,-0.167017,0.630197,0.555547,-0.098605,0.390084,0.550438,-0.143389,0.248563,0.560400,-0.161105,0.139190,0.562427,-0.174725,0.661863,0.562743,-0.108520,0.423838,0.549116,-0.138309,0.286874,0.556863,-0.141267,0.182205,0.567271,-0.146177,0.675484,0.577206,-0.117840,0.492478,0.553178,-0.135044,0.376546,0.553890,-0.136175,0.285610,0.564820,-0.140475
cinco,0.555543,0.564739,0.000000,0.664487,0.569365,-0.047669,0.711105,0.597245,-0.090398,0.711062,0.606702,-0.125633,0.698596,0.612348,-0.162794,0.583321,0.579268,-0.109906,0.438025,0.587875,-0.154509,0.350868,0.584736,-0.184004,0.262006,0.579761,-0.202364,0.499031,0.577267,-0.104368,0.337081,0.587182,-0.143794,0.243193,0.588077,-0.166590,0.151629,0.571277,-0.187564,0.437482,0.566354,-0.097784,0.277338,0.580995,-0.126220,0.192755,0.585086,-0.139675,0.112735,0.580072,-0.154281,0.379710,0.560201,-0.094244,0.259064,0.570593,-0.114187,0.193664,0.584917,-0.123140,0.136549,0.600652,-0.133987
cinco,0.594161,0.422167,0.000000,0.518503,0.355816,-0.034120,0.389362,0.373602,-0.074051,0.281624,0.391604,-0.107813,0.195883,0.396595,-0.143646,0.429879,0.520767,-0.132321,0.342982,0.644967,-0.190220,0.280810,0.724341,-0.222179,0.236954,0.783555,-0.240065,0.518335,0.594824,-0.135314,0.441509,0.708099,-0.204223,0.393019,0.797948,-0.232148,0.360022,0.855370,-0.251120,0.598646,0.613213,-0.131470,0.547936,0.716326,-0.181912,0.517176,0.791500,-0.188189,0.489623,0.842286,-0.192621,0.665557,0.594398,-0.128657,0.676126,0.677190,-0.158260,0.670796,0.743365,-0.160777,0.649109,0.792194,-0.164016
cinco,0.531283,0.254277,0.000000,0.562922,0.315369,-0.024792,0.555987,0.432744,-0.069983,0.555960,0.527713,-0.112813,0.536159,0.623113,-0.158826,0.463407,0.432443,-0.139016,0.381096,0.556190,-0.196608,0.343354,0.633210,-0.228486,0.323875,0.713949,-0.247060,0.434187,0.421934,-0.150952,0.355133,0.589155,-0.212699,0.325138,0.702485,-0.232934,0.320838,0.813816,-0.250329,0.422554,0.408767,-0.155389,0.358369,0.577106,-0.199733,0.336757,0.704345,-0.197854,0.338033,0.821017,-0.200591,0.421255,0.394180,-0.161108,0.377622,0.510808,-0.189732,0.362405,0.608625,-0.188049,0.364385,0.700027,-0.189869
cinco,0.427459,0.699037,-0.000000,0.355845,0.612149,-0.020598,0.308778,0.529663,-0.034326,0.275963,0.459644,-0.048137,0.231234,0.407525,-0.061848,0.459402,0.441255,-0.015228,0.467839,0.346160,-0.027712,0.478201,0.295546,-0.037708,0.490857,0.249089,-0.045164,0.531895,0.455809,-0.016938,0.578381,0.352965,-0.026897,0.608513,0.301778,-0.037394,0.637883,0.260020,-0.046569,0.585351,0.490368,-0.021689,0.641366,0.403187,-0.031951,0.673523,0.361119,-0.042232,0.701007,0.316840,-0.050126,0.621829,0.541739,-0.029458,0.691686,0.495075,-0.037359,0.736401,0.469070,-0.043366,0.774757,0.440116,-0.048169
cinco,0.296668,0.689897,0.000000,0.415464,0.650976,0.010171,0.520772,0.605798,0.014063,0.608357,0.572664,0.013860,0.677471,0.572086,0.014823,0.512130,0.476862,0.022489,0.606197,0.417436,0.025453,0.662996,0.383184,0.027927,0.710304,0.349141,0.029973,0.463257,0.443524,0.013772,0.546673,0.360628,0.021688,0.594829,0.314904,0.025995,0.637729,0.269653,0.027063,0.406235,0.431195,0.004146,0.466204,0.340751,0.011703,0.498988,0.297825,0.017259,0.530523,0.248851,0.019203,0.339017,0.434586,-0.006263,0.344194,0.359319,0.001659,0.350411,0.319219,0.007570,0.362246,0.275811,0.010323
cinco,0.416316,0.297637,0.000000,0.514322,0.317026,-0.039000,0.609181,0.383215,-0.095012,0.684180,0.463531,-0.142745,0.742991,0.562741,-0.192741,0.577877,0.475355,-0.200173,0.642966,0.600560,-0.279599,0.651577,0.691626,-0.316723,0.657233,0.776914,-0.336595,0.483740,0.489311,-0.205506,0.548831,0.640768,-0.293691,0.566510,0.748853,-0.314539,0.591313,0.833297,-0.330217,0.400899,0.482378,-0.201333,0.440346,0.614129,-0.266660,0.473255,0.722325,-0.265007,0.515820,0.808493,-0.264550,0.326678,0.459703,-0.197613,0.320435,0.550515,-0.240839,0.312145,0.635916,-0.242984,0.329528,0.704303,-0.245815
cinco,0.533844,0.335131,-0.000000,0.426303,0.396284,-0.055794,0.322612,0.464425,-0.113603,0.282474,0.542179,-0.162076,0.234818,0.639312,-0.213470,0.379106,0.454310,-0.191460,0.368824,0.620022,-0.271879,0.390721,0.731930,-0.310048,0.406307,0.844757,-0.328632,0.496130,0.446924,-0.191975,0.507138,0.642794,-0.273242,0.534488,0.788978,-0.291947,0.557358,0.898818,-0.306318,0.605916,0.437330,-0.188054,0.628971,0.619498,-0.250723,0.637851,0.761422,-0.246530,0.640066,0.865170,-0.244544,0.707312,0.425314,-0.187789,0.731900,0.554368,-0.229575,0.746884,0.656437,-0.230756,0.754703,0.736121,-0.231536
cinco,0.514989,0.720957,0.000000,0.603341,0.654099,-0.019643,0.667072,0.579703,-0.036069,0.698754,0.512654,-0.051993,0.725205,0.455467,-0.068752,0.584699,0.489941,-0.030744,0.601011,0.398607,-0.048245,0.607042,0.347685,-0.058977,0.606765,0.298971,-0.066620,0.512005,0.490676,-0.034711,0.500776,0.384580,-0.051899,0.493333,0.327270,-0.062791,0.488614,0.274281,-0.071657,0.448764,0.512328,-0.040544,0.424376,0.418625,-0.056898,0.410714,0.368629,-0.066759,0.407480,0.319515,-0.073912,0.392825,0.548822,-0.048383,0.354391,0.484099,-0.061197,0.331706,0.443030,-0.068455,0.321119,0.399798,-0.074270
cinco,0.590728,0.720933,0.000000,0.454677,0.668146,0.000123,0.374507,0.597071,0.000216,0.335985,0.515120,0.000789,0.298263,0.450721,0.002324,0.445464,0.488547,-0.003974,0.424691,0.378276,-0.002672,0.421439,0.325418,0.002065,0.426422,0.284985,0.005972,0.515203,0.479649,-0.004051,0.505329,0.362177,-0.002753,0.508978,0.309304,0.002973,0.522987,0.273311,0.007435,0.576249,0.490424,-0.003170,0.574577,0.390665,-0.001866,0.577219,0.343687,0.003787,0.586477,0.313570,0.008805,0.627839,0.512837,-0.002798,0.638757,0.444921,0.001276,0.645872,0.412214,0.006496,0.654501,0.389635,0.010921
cinco,0.706523,0.254391,-0.000000,0.583745,0.275690,-0.050656,0.411174,0.339930,-0.110886,0.286374,0.396561,-0.164023,0.164696,0.445178,-0.220522,0.473979,0.419614,-0.196362,0.365925,0.558192,-0.283585,0.321911,0.658879,-0.328684,0.309831,0.754765,-0.353100,0.588644,0.434928,-0.203649,0.522435,0.591772,-0.309717,0.494772,0.718360,-0.351448,0.497335,0.830640,-0.377680,0.699084,0.423308,-0.203419,0.666796,0.557421,-0.289543,0.661104,0.650764,-0.305903,0.671203,0.738538,-0.313196,0.799646,0.384713,-0.204086,0.763365,0.434620,-0.262398,0.745302,0.468213,-0.278218,0.734405,0.510138,-0.289243
cinco,0.462918,0.307169,0.000000,0.554894,0.393722,-0.035086,0.616785,0.514695,-0.086537,0.604108,0.664096,-0.134898,0.567864,0.795757,-0.186233,0.598180,0.456362,-0.148047,0.590500,0.612414,-0.214592,0.588242,0.713698,-0.252200,0.576948,0.798328,-0.272637,0.486745,0.429601,-0.155551,0.447396,0.609610,-0.225832,0.421582,0.745674,-0.245585,0.397517,0.866185,-0.259985,0.383665,0.400299,-0.157785,0.304828,0.559592,-0.207960,0.278643,0.691438,-0.205419,0.264237,0.806387,-0.205129,0.283751,0.376381,-0.162431,0.196073,0.473819,-0.194660,0.155978,0.560725,-0.194738,0.133996,0.645151,-0.196342
cinco,0.491757,0.728638,-0.000000,0.391601,0.673827,-0.028210,0.307256,0.607005,-0.049419,0.249291,0.548563,-0.069009,0.178254,0.508583,-0.089148,0.409223,0.494869,-0.041183,0.351718,0.404534,-0.064236,0.319365,0.354327,-0.079565,0.295764,0.307517,-0.090328,0.489301,0.487662,-0.042654,0.479543,0.380241,-0.064749,0.477599,0.326897,-0.079484,0.484996,0.276886,-0.091323,0.560731,0.510413,-0.046665,0.598456,0.420723,-0.067291,0.624521,0.379485,-0.080873,0.650732,0.334525,-0.090389,0.619126,0.555212,-0.053624,0.689131,0.503331,-0.069143,0.732821,0.480199,-0.078098,0.774107,0.449211,-0.085004
cinco,0.412154,0.766516,0.000000,0.579926,0.741774,-0.020026,0.719276,0.660943,-0.037765,0.806641,0.578002,-0.052267,0.887293,0.521114,-0.067142,0.641678,0.507407,-0.051955,0.719423,0.371688,-0.069095,0.761614,0.296475,-0.075759,0.793984,0.227825,-0.080505,0.542446,0.481642,-0.051751,0.580438,0.331157,-0.068517,0.600909,0.247858,-0.073571,0.609748,0.170327,-0.078231,0.450266,0.490020,-0.050838,0.453072,0.352900,-0.067515,0.453196,0.273675,-0.073628,0.449198,0.201452,-0.077441,0.364643,0.520300,-0.050812,0.326499,0.419566,-0.063633,0.301189,0.363850,-0.068604,0.276457,0.311019,-0.072146
cinco,0.423545,0.620354,0.000000,0.449706,0.573480,0.010598,0.459811,0.537375,0.015381,0.468377,0.512470,0.016429,0.466231,0.494743,0.014994,0.436166,0.476613,0.015075,0.500309,0.488935,0.012089,0.575513,0.494834,0.006240,0.634554,0.498840,0.002316,0.450754,0.477219,0.005598,0.526249,0.473070,0.004426,0.615883,0.490800,-0.003622,0.695977,0.500281,-0.012522,0.461346,0.477549,-0.003675,0.542036,0.468966,-0.007212,0.621034,0.493804,-0.015235,0.692598,0.511795,-0.022696,0.468316,0.481496,-0.012917,0.527055,0.482503,-0.015870,0.576953,0.511112,-0.019949,0.624420,0.535312,-0.024446
cinco,0.322006,0.657184,0.000000,0.412155,0.607692,0.004313,0.476185,0.575513,-0.003490,0.535006,0.559842,-0.012637,0.572298,0.538433,-0.023859,0.407032,0.484772,-0.028791,0.541070,0.485188,-0.043998,0.640627,0.500332,-0.053636,0.715990,0.510102,-0.059999,0.377831,0.484359,-0.038958,0.532578,0.476868,-0.052107,0.646706,0.498831,-0.060126,0.736865,0.514516,-0.069880,0.358089,0.498024,-0.046615,0.497617,0.479026,-0.056266,0.605379,0.502109,-0.060629,0.699636,0.519692,-0.067120,0.346367,0.524550,-0.053930,0.424040,0.512537,-0.062266,0.490843,0.526151,-0.065148,0.559751,0.537777,-0.069428
cinco,0.445513,0.255028,0.000000,0.452269,0.277931,-0.050036,0.483740,0.356851,-0.105307,0.516910,0.397865,-0.150757,0.524578,0.431335,-0.197442,0.479172,0.522973,-0.193122,0.556497,0.660453,-0.274949,0.629648,0.726734,-0.315918,0.688409,0.798459,-0.336959,0.472348,0.480680,-0.191687,0.571300,0.614275,-0.288915,0.632020,0.720883,-0.325344,0.693559,0.796024,-0.348335,0.477860,0.394801,-0.182509,0.574019,0.482433,-0.255739,0.622212,0.553355,-0.270496,0.668741,0.620656,-0.278529,0.490233,0.276081,-0.173583,0.577863,0.304664,-0.220170,0.606617,0.319961,-0.234659,0.630947,0.340856,-0.245705
cinco,0.519812,0.301226,-0.000000,0.415134,0.330355,-0.026415,0.320028,0.416732,-0.057938,0.270981,0.488506,-0.085961,0.240200,0.555807,-0.116670,0.407261,0.454648,-0.109632,0.385653,0.599729,-0.155379,0.375279,0.673232,-0.179789,0.369315,0.737187,-0.193023,0.505416,0.467355,-0.113195,0.518152,0.608681,-0.165746,0.526809,0.706545,-0.181616,0.539048,0.778352,-0.193597,0.590953,0.458438,-0.111510,0.637963,0.581495,-0.148737,0.657343,0.661757,-0.150519,0.676273,0.721920,-0.153070,0.666362,0.438999,-0.111388,0.719974,0.525369,-0.133447,0.752177,0.573186,-0.136248,0.783692,0.611073,-0.139928
cinco,0.513617,0.685777,0.000000,0.583574,0.617562,-0.017683,0.632972,0.549953,-0.033250,0.661332,0.487906,-0.048571,0.686228,0.436791,-0.064560,0.544536,0.460343,-0.029032,0.561027,0.374219,-0.045242,0.572686,0.325256,-0.055941,0.579345,0.276731,-0.064189,0.475015,0.464977,-0.033524,0.456195,0.373308,-0.049583,0.447633,0.323160,-0.060209,0.441739,0.275316,-0.069619,0.419200,0.492110,-0.039432,0.373268,0.416584,-0.055279,0.343565,0.377388,-0.064972,0.324175,0.334814,-0.072509,0.373490,0.537008,-0.047155,0.305893,0.495272,-0.059335,0.263237,0.470225,-0.066029,0.231303,0.440610,-0.071728
cinco,0.547355,0.753715,0.000000,0.403144,0.698062,-0.018837,0.285158,0.616099,-0.035034,0.188686,0.552777,-0.050690,0.090273,0.517958,-0.066994,0.405503,0.499876,-0.033292,0.358446,0.385476,-0.051622,0.331968,0.318952,-0.063875,0.310676,0.259982,-0.073211,0.487404,0.497508,-0.037527,0.475975,0.373597,-0.053302,0.470852,0.305102,-0.063904,0.475986,0.245272,-0.073842,0.563700,0.524200,-0.043179,0.578060,0.414028,-0.058218,0.580048,0.356112,-0.068355,0.584831,0.299506,-0.076431,0.628998,0.571013,-0.051247,0.687199,0.510252,-0.063168,0.724896,0.475555,-0.069653,0.760921,0.437603,-0.075419
cinco,0.509566,0.277028,0.000000,0.596763,0.360090,-0.024563,0.628601,0.486185,-0.065393,0.626378,0.586380,-0.104046,0.641225,0.649056,-0.144216,0.562136,0.497132,-0.123102,0.499754,0.652213,-0.174552,0.444504,0.745931,-0.200385,0.402930,0.814066,-0.214625,0.473116,0.476587,-0.133637,0.400819,0.654595,-0.189325,0.356131,0.757060,-0.200527,0.325645,0.822648,-0.210552,0.395781,0.441788,-0.138123,0.324245,0.613152,-0.173351,0.294715,0.710439,-0.161263,0.279842,0.779534,-0.157029,0.332706,0.406302,-0.144391,0.261465,0.533575,-0.163816,0.241011,0.608944,-0.154926,0.236852,0.666954,-0.151331
cinco,0.551574,0.343232,0.000000,0.434298,0.310228,-0.036359,0.300366,0.354019,-0.078649,0.214930,0.410387,-0.114475,0.137784,0.469255,-0.152115,0.383202,0.501602,-0.144633,0.368887,0.643760,-0.210279,0.364287,0.719004,-0.242824,0.365500,0.777096,-0.259092,0.486774,0.552420,-0.147627,0.468847,0.672719,-0.222018,0.447032,0.751353,-0.243257,0.435192,0.798283,-0.256367,0.571532,0.554687,-0.144956,0.544986,0.655380,-0.201011,0.522600,0.716453,-0.199546,0.509799,0.756854,-0.196316,0.642665,0.527024,-0.143784,0.627279,0.601741,-0.178111,0.601071,0.654171,-0.177915,0.578187,0.691585,-0.177246
cinco,0.476847,0.773350,0.000000,0.627089,0.726614,-0.005018,0.752686,0.648055,-0.013501,0.843496,0.574103,-0.022584,0.920863,0.522212,-0.030952,0.675770,0.512542,-0.016257,0.734447,0.399915,-0.022220,0.778323,0.346015,-0.022555,0.817864,0.299786,-0.023208,0.590867,0.500157,-0.021581,0.615528,0.373995,-0.026570,0.635286,0.311207,-0.025970,0.647204,0.252257,-0.027034,0.508550,0.519556,-0.026968,0.488991,0.416460,-0.032159,0.480931,0.359489,-0.031855,0.474780,0.305725,-0.032214,0.433844,0.558919,-0.033188,0.375770,0.487898,-0.035848,0.340073,0.448945,-0.035119,0.308735,0.408307,-0.035016
cinco,0.426365,0.824600,-0.000000,0.305388,0.742405,-0.018562,0.234613,0.629096,-0.030531,0.196873,0.539191,-0.044085,0.135596,0.479902,-0.057496,0.427750,0.489680,0.000623,0.418081,0.358417,-0.008687,0.415614,0.284362,-0.018596,0.414659,0.225776,-0.027100,0.522110,0.497746,-0.003346,0.554204,0.352918,-0.010345,0.576973,0.266413,-0.022439,0.602347,0.201004,-0.033177,0.602552,0.539839,-0.011487,0.650931,0.402453,-0.019351,0.677439,0.322695,-0.031745,0.699842,0.255614,-0.041852,0.673209,0.606869,-0.023210,0.761396,0.520564,-0.031464,0.817390,0.463172,-0.039504,0.863381,0.410319,-0.046197
cinco,0.551798,0.297846,0.000000,0.647788,0.330524,-0.025598,0.725234,0.389310,-0.064182,0.749601,0.439969,-0.099185,0.764329,0.469996,-0.134955,0.677081,0.448200,-0.125543,0.671856,0.564902,-0.174714,0.633450,0.658165,-0.194754,0.601042,0.738706,-0.204768,0.576664,0.456397,-0.133127,0.562887,0.600562,-0.186774,0.530973,0.692511,-0.193051,0.510336,0.758188,-0.198846,0.488081,0.441832,-0.134840,0.466836,0.572600,-0.171525,0.449301,0.659775,-0.160056,0.447999,0.718593,-0.154529,0.409415,0.424650,-0.137854,0.375659,0.518119,-0.161009,0.363798,0.585334,-0.154912,0.373055,0.637191,-0.151673
cinco,0.583801,0.347926,-0.000000,0.502611,0.400977,-0.019098,0.411124,0.485761,-0.045043,0.355783,0.547544,-0.071448,0.297215,0.600051,-0.099449,0.454163,0.439782,-0.077463,0.464578,0.561467,-0.115600,0.496110,0.649598,-0.133953,0.518419,0.734135,-0.143222,0.540592,0.406474,-0.086618,0.551381,0.532389,-0.132335,0.580871,0.637639,-0.143441,0.609355,0.728031,-0.150744,0.623637,0.368432,-0.092916,0.636042,0.477171,-0.128019,0.653745,0.577289,-0.125635,0.672212,0.661098,-0.123892,0.708551,0.339343,-0.101219,0.722459,0.406418,-0.121757,0.726729,0.478125,-0.121063,0.729877,0.544980,-0.120913
cinco,0.501324,0.752402,0.000000,0.623658,0.697979,-0.017208,0.724663,0.619293,-0.028836,0.796522,0.550605,-0.041646,0.864454,0.502957,-0.053942,0.621159,0.468216,-0.003541,0.662525,0.368090,-0.010425,0.685566,0.314555,-0.015599,0.706953,0.263499,-0.020081,0.534728,0.452204,-0.006629,0.547834,0.339238,-0.009680,0.556794,0.279474,-0.015056,0.566438,0.223623,-0.020900,0.454454,0.468777,-0.013446,0.421854,0.366041,-0.019676,0.400412,0.309616,-0.027460,0.391122,0.250627,-0.033907,0.379405,0.509138,-0.022787,0.312094,0.438735,-0.027752,0.267846,0.400919,-0.031814,0.235832,0.356587,-0.035569
cinco,0.573331,0.746975,-0.000000,0.434729,0.682286,-0.005200,0.342099,0.596775,-0.013079,0.265039,0.527106,-0.021515,0.190694,0.483357,-0.029606,0.458307,0.457158,-0.012269,0.408793,0.349612,-0.018156,0.383596,0.282537,-0.020795,0.366261,0.226258,-0.023068,0.551313,0.447180,-0.015734,0.531857,0.326007,-0.020121,0.522758,0.259690,-0.018994,0.527446,0.201257,-0.019452,0.641009,0.469338,-0.019411,0.665113,0.363038,-0.022188,0.683161,0.304175,-0.020219,0.701231,0.248325,-0.019672,0.718743,0.513358,-0.024701,0.787549,0.444945,-0.024857,0.835921,0.406224,-0.022694,0.881301,0.365776,-0.021858
cinco,0.614519,0.300127,-0.000000,0.511739,0.253368,-0.031682,0.373506,0.273952,-0.066788,0.259469,0.294094,-0.097116,0.164946,0.308498,-0.130018,0.426805,0.409926,-0.122907,0.358415,0.509562,-0.180575,0.324379,0.568693,-0.212463,0.300719,0.616246,-0.229820,0.518586,0.461611,-0.126813,0.469636,0.557448,-0.195517,0.457151,0.627826,-0.223188,0.454767,0.677299,-0.240836,0.605395,0.464853,-0.125199,0.572197,0.565417,-0.178080,0.576580,0.622488,-0.186450,0.586470,0.666771,-0.190039,0.678999,0.438207,-0.124662,0.683507,0.514754,-0.158318,0.690979,0.570580,-0.164419,0.696960,0.615352,-0.168378
cinco,0.490122,0.304209,0.000000,0.618724,0.325790,-0.020694,0.704330,0.394239,-0.064017,0.750374,0.456081,-0.102606,0.789136,0.525504,-0.142666,0.598039,0.461257,-0.151093,0.568534,0.586869,-0.207442,0.568206,0.669407,-0.232490,0.575823,0.741478,-0.245491,0.480849,0.465449,-0.159330,0.435226,0.621870,-0.221510,0.434246,0.723688,-0.233056,0.444273,0.814070,-0.242835,0.385450,0.449532,-0.158043,0.322419,0.597812,-0.199787,0.322234,0.692622,-0.190309,0.330321,0.769747,-0.186499,0.307506,0.423317,-0.156723,0.235418,0.509450,-0.183538,0.180925,0.564773,-0.179200,0.145102,0.612976,-0.177932
cinco,0.573532,0.293394,-0.000000,0.523182,0.338696,-0.034247,0.456531,0.427486,-0.085997,0.445384,0.524853,-0.131166,0.432460,0.635359,-0.177585,0.447131,0.467178,-0.176029,0.371280,0.600402,-0.242210,0.337204,0.691970,-0.273138,0.314348,0.771836,-0.289346,0.498444,0.461651,-0.181839,0.465597,0.624565,-0.249263,0.469731,0.739112,-0.261878,0.488844,0.836604,-0.273865,0.567215,0.447487,-0.179496,0.558004,0.611234,-0.222768,0.565516,0.716593,-0.211467,0.571959,0.803298,-0.207723,0.645958,0.425975,-0.178982,0.665457,0.499878,-0.204903,0.687947,0.545030,-0.200278,0.703371,0.595346,-0.200019
cinco,0.585846,0.760147,-0.000000,0.442249,0.711525,-0.032534,0.324595,0.623270,-0.051493,0.237561,0.551255,-0.069674,0.142002,0.506806,-0.087742,0.439667,0.445887,-0.016258,0.379304,0.342785,-0.031976,0.344581,0.282663,-0.046640,0.316435,0.228581,-0.057916,0.538985,0.428987,-0.015031,0.533657,0.313259,-0.027268,0.540878,0.244521,-0.043593,0.554687,0.187449,-0.057173,0.632315,0.453164,-0.019005,0.661482,0.345407,-0.031551,0.684748,0.288064,-0.048549,0.703144,0.235127,-0.061339,0.716471,0.505228,-0.027457,0.784602,0.437064,-0.038560,0.826365,0.398643,-0.049873,0.863628,0.358960,-0.059006
cinco,0.538282,0.822043,0.000000,0.648637,0.736775,0.015986,0.701185,0.637029,0.020802,0.731621,0.555383,0.023282,0.774866,0.504988,0.026487,0.587451,0.521373,0.008845,0.604197,0.409703,0.012488,0.614125,0.348900,0.018200,0.614794,0.303634,0.021981,0.497970,0.534070,0.000796,0.466261,0.398539,0.002681,0.445764,0.326388,0.007870,0.422369,0.274201,0.011394,0.418472,0.574323,-0.005248,0.357031,0.459285,-0.005503,0.319674,0.390676,-0.002019,0.289780,0.335480,0.001311,0.353243,0.629203,-0.009815,0.261167,0.563152,-0.007068,0.210753,0.525606,-0.002625,0.170756,0.489592,0.000750
cinco,0.437227,0.363551,0.000000,0.545120,0.338850,-0.034175,0.664632,0.396036,-0.077654,0.766001,0.429843,-0.114897,0.865933,0.450002,-0.153856,0.605427,0.508756,-0.144079,0.659546,0.635890,-0.205853,0.695329,0.691059,-0.238263,0.726521,0.739899,-0.257320,0.511001,0.540791,-0.148629,0.548737,0.667276,-0.220482,0.570672,0.743606,-0.245254,0.596282,0.790706,-0.263502,0.423587,0.542113,-0.146283,0.445111,0.656693,-0.202469,0.455170,0.718527,-0.209612,0.470158,0.753167,-0.214966,0.342100,0.526044,-0.144150,0.323152,0.613750,-0.184686,0.287787,0.667218,-0.192884,0.272391,0.702850,-0.199525
cinco,0.570367,0.341525,-0.000000,0.455149,0.349097,-0.026728,0.341647,0.405565,-0.065957,0.253634,0.451271,-0.101334,0.180626,0.481448,-0.139123,0.426958,0.481964,-0.127346,0.381925,0.605536,-0.181146,0.342653,0.664969,-0.211936,0.313011,0.723250,-0.229886,0.515447,0.500730,-0.133561,0.530960,0.626884,-0.190932,0.541680,0.707393,-0.214004,0.558192,0.769483,-0.232804,0.604290,0.490161,-0.132846,0.653404,0.598243,-0.170629,0.677318,0.673846,-0.173630,0.704742,0.732526,-0.179365,0.683528,0.465912,-0.133369,0.746746,0.537429,-0.155638,0.789473,0.586815,-0.157292,0.834873,0.630003,-0.161498
